{"cameraMode":{"drawMode":0,"name":"Shaded","section":"Shading Mode"},"sceneLighting":true,"audioPlay":false,"sceneViewState":{"showFog":true,"showMaterialUpdate":false,"showSkybox":true,"showFlares":true,"showImageEffects":true,"showParticleSystems":true},"in2DMode":false,"pivot":{"x":16.722370147705079,"y":19.8447208404541,"z":43.723968505859378},"rotation":{"x":-0.32665082812309267,"y":0.5829607844352722,"z":-0.27564942836761477,"w":-0.6910601854324341},"size":0.8660253882408142,"orthographic":false}